{
    "acuracy": 0.9,
    "precision": 0.8333333333333334,
    "recall": 1.0,
    "f1 sore": 0.9090909090909091
}
